GeoCode,GeoCodeLabel,ContributingFactorCode,ContributingFactorDescription,Number_of_Vehicles
C,CITYWIDE,28,AGGRESSIVE DRIVING/ROAD RAGE,89
C,CITYWIDE,02,ALCOHOL INVOLVEMENT,161
C,CITYWIDE,03,BACKING UNSAFELY,226
C,CITYWIDE,22,CELL PHONE (HAND-HELD),4
C,CITYWIDE,04,DRIVER INATTENTION/DISTRACTION,2410
C,CITYWIDE,05,DRIVER INEXPERIENCE,204
C,CITYWIDE,06,DRUGS (ILLEGAL),8
C,CITYWIDE,14,ERR/CONFUSN PED/BIKE/OTHER PED,113
C,CITYWIDE,27,FAILURE TO KEEP RIGHT,13
C,CITYWIDE,07,FAILURE TO YIELD RIGHT-OF-WAY,612
C,CITYWIDE,21,FATIGUED/DROWSY,11
C,CITYWIDE,08,FELL ASLEEP,35
C,CITYWIDE,09,FOLLOWING TOO CLOSELY,590
C,CITYWIDE,10,ILLNESS,17
C,CITYWIDE,34,LISTENING/USING HEADPHONES,1
C,CITYWIDE,11,LOST CONSCIOUSNESS,13
C,CITYWIDE,26,OTHER UNINVOLVED VEHICLE,121
C,CITYWIDE,25,OUTSIDE CAR DISTRACTION,23
C,CITYWIDE,12,PASSENGER DISTRACTION,21
C,CITYWIDE,13,PASSING OR LANE USAGE IMPROPER,386
C,CITYWIDE,29,PASSING TOO CLOSELY,268
C,CITYWIDE,15,PHYSICAL DISABILITY,2
C,CITYWIDE,16,PRESCRIPTION MEDICATION,2
C,CITYWIDE,17,TRAFFIC CONTROL DISREGARDED,285
C,CITYWIDE,18,TURNING IMPROPERLY,222
C,CITYWIDE,20,UNSAFE LANE CHANGING,166
C,CITYWIDE,19,UNSAFE SPEED,334
C,CITYWIDE,32,USING ON BOARD NAVIGATE DEVICE,1
M,MANHATTAN,28,AGGRESSIVE DRIVING/ROAD RAGE,11
M,MANHATTAN,02,ALCOHOL INVOLVEMENT,18
M,MANHATTAN,03,BACKING UNSAFELY,42
M,MANHATTAN,22,CELL PHONE (HAND-HELD),1
M,MANHATTAN,04,DRIVER INATTENTION/DISTRACTION,481
M,MANHATTAN,05,DRIVER INEXPERIENCE,25
M,MANHATTAN,06,DRUGS (ILLEGAL),3
M,MANHATTAN,14,ERR/CONFUSN PED/BIKE/OTHER PED,37
M,MANHATTAN,27,FAILURE TO KEEP RIGHT,1
M,MANHATTAN,07,FAILURE TO YIELD RIGHT-OF-WAY,86
M,MANHATTAN,21,FATIGUED/DROWSY,2
M,MANHATTAN,08,FELL ASLEEP,1
M,MANHATTAN,09,FOLLOWING TOO CLOSELY,130
M,MANHATTAN,10,ILLNESS,3
M,MANHATTAN,11,LOST CONSCIOUSNESS,2
M,MANHATTAN,26,OTHER UNINVOLVED VEHICLE,23
M,MANHATTAN,25,OUTSIDE CAR DISTRACTION,3
M,MANHATTAN,12,PASSENGER DISTRACTION,6
M,MANHATTAN,13,PASSING OR LANE USAGE IMPROPER,73
M,MANHATTAN,29,PASSING TOO CLOSELY,40
M,MANHATTAN,15,PHYSICAL DISABILITY,1
M,MANHATTAN,17,TRAFFIC CONTROL DISREGARDED,30
M,MANHATTAN,18,TURNING IMPROPERLY,42
M,MANHATTAN,20,UNSAFE LANE CHANGING,28
M,MANHATTAN,19,UNSAFE SPEED,36
001,1st Precinct,28,AGGRESSIVE DRIVING/ROAD RAGE,1
001,1st Precinct,03,BACKING UNSAFELY,1
001,1st Precinct,04,DRIVER INATTENTION/DISTRACTION,21
001,1st Precinct,14,ERR/CONFUSN PED/BIKE/OTHER PED,2
001,1st Precinct,07,FAILURE TO YIELD RIGHT-OF-WAY,2
001,1st Precinct,09,FOLLOWING TOO CLOSELY,4
001,1st Precinct,26,OTHER UNINVOLVED VEHICLE,1
001,1st Precinct,13,PASSING OR LANE USAGE IMPROPER,4
001,1st Precinct,29,PASSING TOO CLOSELY,2
001,1st Precinct,17,TRAFFIC CONTROL DISREGARDED,1
001,1st Precinct,18,TURNING IMPROPERLY,2
001,1st Precinct,20,UNSAFE LANE CHANGING,1
001,1st Precinct,19,UNSAFE SPEED,2
005,5th Precinct,28,AGGRESSIVE DRIVING/ROAD RAGE,1
005,5th Precinct,02,ALCOHOL INVOLVEMENT,1
005,5th Precinct,03,BACKING UNSAFELY,2
005,5th Precinct,04,DRIVER INATTENTION/DISTRACTION,41
005,5th Precinct,05,DRIVER INEXPERIENCE,2
005,5th Precinct,07,FAILURE TO YIELD RIGHT-OF-WAY,3
005,5th Precinct,09,FOLLOWING TOO CLOSELY,9
005,5th Precinct,12,PASSENGER DISTRACTION,1
005,5th Precinct,29,PASSING TOO CLOSELY,1
005,5th Precinct,17,TRAFFIC CONTROL DISREGARDED,1
005,5th Precinct,18,TURNING IMPROPERLY,1
005,5th Precinct,19,UNSAFE SPEED,5
006,6th Precinct,02,ALCOHOL INVOLVEMENT,1
006,6th Precinct,03,BACKING UNSAFELY,2
006,6th Precinct,04,DRIVER INATTENTION/DISTRACTION,21
006,6th Precinct,05,DRIVER INEXPERIENCE,2
006,6th Precinct,14,ERR/CONFUSN PED/BIKE/OTHER PED,2
006,6th Precinct,07,FAILURE TO YIELD RIGHT-OF-WAY,2
006,6th Precinct,21,FATIGUED/DROWSY,1
006,6th Precinct,09,FOLLOWING TOO CLOSELY,1
006,6th Precinct,26,OTHER UNINVOLVED VEHICLE,1
006,6th Precinct,29,PASSING TOO CLOSELY,1
006,6th Precinct,17,TRAFFIC CONTROL DISREGARDED,1
007,7th Precinct,02,ALCOHOL INVOLVEMENT,2
007,7th Precinct,03,BACKING UNSAFELY,3
007,7th Precinct,22,CELL PHONE (HAND-HELD),1
007,7th Precinct,04,DRIVER INATTENTION/DISTRACTION,21
007,7th Precinct,05,DRIVER INEXPERIENCE,1
007,7th Precinct,14,ERR/CONFUSN PED/BIKE/OTHER PED,1
007,7th Precinct,07,FAILURE TO YIELD RIGHT-OF-WAY,1
007,7th Precinct,09,FOLLOWING TOO CLOSELY,1
007,7th Precinct,11,LOST CONSCIOUSNESS,1
007,7th Precinct,13,PASSING OR LANE USAGE IMPROPER,3
007,7th Precinct,15,PHYSICAL DISABILITY,1
007,7th Precinct,17,TRAFFIC CONTROL DISREGARDED,1
007,7th Precinct,18,TURNING IMPROPERLY,3
007,7th Precinct,20,UNSAFE LANE CHANGING,2
007,7th Precinct,19,UNSAFE SPEED,2
009,9th Precinct,03,BACKING UNSAFELY,1
009,9th Precinct,04,DRIVER INATTENTION/DISTRACTION,13
009,9th Precinct,14,ERR/CONFUSN PED/BIKE/OTHER PED,1
009,9th Precinct,07,FAILURE TO YIELD RIGHT-OF-WAY,3
009,9th Precinct,09,FOLLOWING TOO CLOSELY,2
009,9th Precinct,25,OUTSIDE CAR DISTRACTION,1
009,9th Precinct,13,PASSING OR LANE USAGE IMPROPER,3
009,9th Precinct,18,TURNING IMPROPERLY,1
009,9th Precinct,20,UNSAFE LANE CHANGING,1
009,9th Precinct,19,UNSAFE SPEED,2
010,10th Precinct,28,AGGRESSIVE DRIVING/ROAD RAGE,1
010,10th Precinct,03,BACKING UNSAFELY,2
010,10th Precinct,04,DRIVER INATTENTION/DISTRACTION,7
010,10th Precinct,14,ERR/CONFUSN PED/BIKE/OTHER PED,2
010,10th Precinct,07,FAILURE TO YIELD RIGHT-OF-WAY,10
010,10th Precinct,09,FOLLOWING TOO CLOSELY,15
010,10th Precinct,26,OTHER UNINVOLVED VEHICLE,3
010,10th Precinct,12,PASSENGER DISTRACTION,1
010,10th Precinct,13,PASSING OR LANE USAGE IMPROPER,3
010,10th Precinct,29,PASSING TOO CLOSELY,9
010,10th Precinct,18,TURNING IMPROPERLY,4
010,10th Precinct,20,UNSAFE LANE CHANGING,2
013,13th Precinct,03,BACKING UNSAFELY,4
013,13th Precinct,04,DRIVER INATTENTION/DISTRACTION,17
013,13th Precinct,05,DRIVER INEXPERIENCE,3
013,13th Precinct,06,DRUGS (ILLEGAL),2
013,13th Precinct,14,ERR/CONFUSN PED/BIKE/OTHER PED,1
013,13th Precinct,07,FAILURE TO YIELD RIGHT-OF-WAY,11
013,13th Precinct,09,FOLLOWING TOO CLOSELY,7
013,13th Precinct,13,PASSING OR LANE USAGE IMPROPER,5
013,13th Precinct,29,PASSING TOO CLOSELY,4
013,13th Precinct,18,TURNING IMPROPERLY,1
013,13th Precinct,19,UNSAFE SPEED,1
014,Midtown South Precinct,28,AGGRESSIVE DRIVING/ROAD RAGE,1
014,Midtown South Precinct,03,BACKING UNSAFELY,3
014,Midtown South Precinct,04,DRIVER INATTENTION/DISTRACTION,30
014,Midtown South Precinct,14,ERR/CONFUSN PED/BIKE/OTHER PED,2
014,Midtown South Precinct,07,FAILURE TO YIELD RIGHT-OF-WAY,10
014,Midtown South Precinct,09,FOLLOWING TOO CLOSELY,4
014,Midtown South Precinct,26,OTHER UNINVOLVED VEHICLE,1
014,Midtown South Precinct,13,PASSING OR LANE USAGE IMPROPER,5
014,Midtown South Precinct,29,PASSING TOO CLOSELY,4
014,Midtown South Precinct,18,TURNING IMPROPERLY,1
014,Midtown South Precinct,20,UNSAFE LANE CHANGING,3
017,17th Precinct,28,AGGRESSIVE DRIVING/ROAD RAGE,2
017,17th Precinct,02,ALCOHOL INVOLVEMENT,1
017,17th Precinct,03,BACKING UNSAFELY,1
017,17th Precinct,04,DRIVER INATTENTION/DISTRACTION,50
017,17th Precinct,05,DRIVER INEXPERIENCE,2
017,17th Precinct,14,ERR/CONFUSN PED/BIKE/OTHER PED,1
017,17th Precinct,07,FAILURE TO YIELD RIGHT-OF-WAY,3
017,17th Precinct,09,FOLLOWING TOO CLOSELY,7
017,17th Precinct,26,OTHER UNINVOLVED VEHICLE,2
017,17th Precinct,12,PASSENGER DISTRACTION,2
017,17th Precinct,13,PASSING OR LANE USAGE IMPROPER,6
017,17th Precinct,17,TRAFFIC CONTROL DISREGARDED,4
017,17th Precinct,18,TURNING IMPROPERLY,1
017,17th Precinct,20,UNSAFE LANE CHANGING,1
017,17th Precinct,19,UNSAFE SPEED,3
018,Midtown North Precinct,28,AGGRESSIVE DRIVING/ROAD RAGE,1
018,Midtown North Precinct,02,ALCOHOL INVOLVEMENT,1
018,Midtown North Precinct,03,BACKING UNSAFELY,3
018,Midtown North Precinct,04,DRIVER INATTENTION/DISTRACTION,27
018,Midtown North Precinct,14,ERR/CONFUSN PED/BIKE/OTHER PED,2
018,Midtown North Precinct,27,FAILURE TO KEEP RIGHT,1
018,Midtown North Precinct,07,FAILURE TO YIELD RIGHT-OF-WAY,9
018,Midtown North Precinct,09,FOLLOWING TOO CLOSELY,7
018,Midtown North Precinct,13,PASSING OR LANE USAGE IMPROPER,8
018,Midtown North Precinct,17,TRAFFIC CONTROL DISREGARDED,1
018,Midtown North Precinct,18,TURNING IMPROPERLY,2
018,Midtown North Precinct,20,UNSAFE LANE CHANGING,1
018,Midtown North Precinct,19,UNSAFE SPEED,3
019,19th Precinct,02,ALCOHOL INVOLVEMENT,2
019,19th Precinct,03,BACKING UNSAFELY,4
019,19th Precinct,04,DRIVER INATTENTION/DISTRACTION,76
019,19th Precinct,05,DRIVER INEXPERIENCE,6
019,19th Precinct,14,ERR/CONFUSN PED/BIKE/OTHER PED,3
019,19th Precinct,07,FAILURE TO YIELD RIGHT-OF-WAY,6
019,19th Precinct,09,FOLLOWING TOO CLOSELY,11
019,19th Precinct,26,OTHER UNINVOLVED VEHICLE,3
019,19th Precinct,25,OUTSIDE CAR DISTRACTION,2
019,19th Precinct,12,PASSENGER DISTRACTION,1
019,19th Precinct,13,PASSING OR LANE USAGE IMPROPER,5
019,19th Precinct,29,PASSING TOO CLOSELY,3
019,19th Precinct,17,TRAFFIC CONTROL DISREGARDED,2
019,19th Precinct,18,TURNING IMPROPERLY,2
019,19th Precinct,20,UNSAFE LANE CHANGING,2
019,19th Precinct,19,UNSAFE SPEED,2
020,20th Precinct,03,BACKING UNSAFELY,1
020,20th Precinct,04,DRIVER INATTENTION/DISTRACTION,16
020,20th Precinct,05,DRIVER INEXPERIENCE,1
020,20th Precinct,14,ERR/CONFUSN PED/BIKE/OTHER PED,5
020,20th Precinct,07,FAILURE TO YIELD RIGHT-OF-WAY,1
020,20th Precinct,09,FOLLOWING TOO CLOSELY,5
020,20th Precinct,26,OTHER UNINVOLVED VEHICLE,2
020,20th Precinct,13,PASSING OR LANE USAGE IMPROPER,3
020,20th Precinct,29,PASSING TOO CLOSELY,1
020,20th Precinct,17,TRAFFIC CONTROL DISREGARDED,2
020,20th Precinct,20,UNSAFE LANE CHANGING,1
020,20th Precinct,19,UNSAFE SPEED,1
022,Central Park Precinct,04,DRIVER INATTENTION/DISTRACTION,1
023,23rd Precinct,28,AGGRESSIVE DRIVING/ROAD RAGE,1
023,23rd Precinct,02,ALCOHOL INVOLVEMENT,3
023,23rd Precinct,03,BACKING UNSAFELY,1
023,23rd Precinct,04,DRIVER INATTENTION/DISTRACTION,8
023,23rd Precinct,05,DRIVER INEXPERIENCE,1
023,23rd Precinct,14,ERR/CONFUSN PED/BIKE/OTHER PED,3
023,23rd Precinct,07,FAILURE TO YIELD RIGHT-OF-WAY,2
023,23rd Precinct,09,FOLLOWING TOO CLOSELY,4
023,23rd Precinct,10,ILLNESS,1
023,23rd Precinct,26,OTHER UNINVOLVED VEHICLE,1
023,23rd Precinct,13,PASSING OR LANE USAGE IMPROPER,6
023,23rd Precinct,29,PASSING TOO CLOSELY,1
023,23rd Precinct,17,TRAFFIC CONTROL DISREGARDED,1
023,23rd Precinct,18,TURNING IMPROPERLY,4
023,23rd Precinct,20,UNSAFE LANE CHANGING,3
023,23rd Precinct,19,UNSAFE SPEED,1
024,24th Precinct,02,ALCOHOL INVOLVEMENT,3
024,24th Precinct,03,BACKING UNSAFELY,2
024,24th Precinct,04,DRIVER INATTENTION/DISTRACTION,18
024,24th Precinct,05,DRIVER INEXPERIENCE,1
024,24th Precinct,14,ERR/CONFUSN PED/BIKE/OTHER PED,1
024,24th Precinct,07,FAILURE TO YIELD RIGHT-OF-WAY,3
024,24th Precinct,09,FOLLOWING TOO CLOSELY,8
024,24th Precinct,10,ILLNESS,1
024,24th Precinct,26,OTHER UNINVOLVED VEHICLE,2
024,24th Precinct,13,PASSING OR LANE USAGE IMPROPER,1
024,24th Precinct,29,PASSING TOO CLOSELY,3
024,24th Precinct,17,TRAFFIC CONTROL DISREGARDED,1
024,24th Precinct,18,TURNING IMPROPERLY,2
024,24th Precinct,20,UNSAFE LANE CHANGING,2
024,24th Precinct,19,UNSAFE SPEED,1
025,25th Precinct,03,BACKING UNSAFELY,1
025,25th Precinct,04,DRIVER INATTENTION/DISTRACTION,13
025,25th Precinct,05,DRIVER INEXPERIENCE,1
025,25th Precinct,07,FAILURE TO YIELD RIGHT-OF-WAY,3
025,25th Precinct,09,FOLLOWING TOO CLOSELY,19
025,25th Precinct,26,OTHER UNINVOLVED VEHICLE,3
025,25th Precinct,13,PASSING OR LANE USAGE IMPROPER,5
025,25th Precinct,17,TRAFFIC CONTROL DISREGARDED,6
025,25th Precinct,18,TURNING IMPROPERLY,2
025,25th Precinct,20,UNSAFE LANE CHANGING,7
025,25th Precinct,19,UNSAFE SPEED,4
026,26th Precinct,02,ALCOHOL INVOLVEMENT,1
026,26th Precinct,03,BACKING UNSAFELY,2
026,26th Precinct,04,DRIVER INATTENTION/DISTRACTION,4
026,26th Precinct,05,DRIVER INEXPERIENCE,1
026,26th Precinct,14,ERR/CONFUSN PED/BIKE/OTHER PED,3
026,26th Precinct,07,FAILURE TO YIELD RIGHT-OF-WAY,2
026,26th Precinct,21,FATIGUED/DROWSY,1
026,26th Precinct,08,FELL ASLEEP,1
026,26th Precinct,09,FOLLOWING TOO CLOSELY,9
026,26th Precinct,11,LOST CONSCIOUSNESS,1
026,26th Precinct,13,PASSING OR LANE USAGE IMPROPER,3
026,26th Precinct,29,PASSING TOO CLOSELY,2
026,26th Precinct,17,TRAFFIC CONTROL DISREGARDED,1
026,26th Precinct,18,TURNING IMPROPERLY,2
028,28th Precinct,02,ALCOHOL INVOLVEMENT,1
028,28th Precinct,03,BACKING UNSAFELY,2
028,28th Precinct,04,DRIVER INATTENTION/DISTRACTION,28
028,28th Precinct,05,DRIVER INEXPERIENCE,1
028,28th Precinct,14,ERR/CONFUSN PED/BIKE/OTHER PED,3
028,28th Precinct,07,FAILURE TO YIELD RIGHT-OF-WAY,3
028,28th Precinct,09,FOLLOWING TOO CLOSELY,2
028,28th Precinct,13,PASSING OR LANE USAGE IMPROPER,1
028,28th Precinct,17,TRAFFIC CONTROL DISREGARDED,2
028,28th Precinct,18,TURNING IMPROPERLY,4
030,30th Precinct,03,BACKING UNSAFELY,2
030,30th Precinct,04,DRIVER INATTENTION/DISTRACTION,13
030,30th Precinct,14,ERR/CONFUSN PED/BIKE/OTHER PED,1
030,30th Precinct,07,FAILURE TO YIELD RIGHT-OF-WAY,1
030,30th Precinct,09,FOLLOWING TOO CLOSELY,2
030,30th Precinct,12,PASSENGER DISTRACTION,1
030,30th Precinct,13,PASSING OR LANE USAGE IMPROPER,3
030,30th Precinct,29,PASSING TOO CLOSELY,1
030,30th Precinct,17,TRAFFIC CONTROL DISREGARDED,1
030,30th Precinct,19,UNSAFE SPEED,2
032,32nd Precinct,02,ALCOHOL INVOLVEMENT,1
032,32nd Precinct,03,BACKING UNSAFELY,1
032,32nd Precinct,04,DRIVER INATTENTION/DISTRACTION,14
032,32nd Precinct,05,DRIVER INEXPERIENCE,1
032,32nd Precinct,14,ERR/CONFUSN PED/BIKE/OTHER PED,3
032,32nd Precinct,07,FAILURE TO YIELD RIGHT-OF-WAY,1
032,32nd Precinct,09,FOLLOWING TOO CLOSELY,3
032,32nd Precinct,26,OTHER UNINVOLVED VEHICLE,3
032,32nd Precinct,13,PASSING OR LANE USAGE IMPROPER,1
032,32nd Precinct,29,PASSING TOO CLOSELY,5
032,32nd Precinct,17,TRAFFIC CONTROL DISREGARDED,1
032,32nd Precinct,18,TURNING IMPROPERLY,3
033,33rd Precinct,28,AGGRESSIVE DRIVING/ROAD RAGE,1
033,33rd Precinct,02,ALCOHOL INVOLVEMENT,1
033,33rd Precinct,03,BACKING UNSAFELY,2
033,33rd Precinct,04,DRIVER INATTENTION/DISTRACTION,11
033,33rd Precinct,05,DRIVER INEXPERIENCE,1
033,33rd Precinct,14,ERR/CONFUSN PED/BIKE/OTHER PED,1
033,33rd Precinct,07,FAILURE TO YIELD RIGHT-OF-WAY,3
033,33rd Precinct,09,FOLLOWING TOO CLOSELY,6
033,33rd Precinct,26,OTHER UNINVOLVED VEHICLE,1
033,33rd Precinct,13,PASSING OR LANE USAGE IMPROPER,3
033,33rd Precinct,29,PASSING TOO CLOSELY,1
033,33rd Precinct,17,TRAFFIC CONTROL DISREGARDED,3
033,33rd Precinct,18,TURNING IMPROPERLY,1
033,33rd Precinct,20,UNSAFE LANE CHANGING,2
033,33rd Precinct,19,UNSAFE SPEED,3
034,34th Precinct,28,AGGRESSIVE DRIVING/ROAD RAGE,2
034,34th Precinct,03,BACKING UNSAFELY,2
034,34th Precinct,04,DRIVER INATTENTION/DISTRACTION,31
034,34th Precinct,05,DRIVER INEXPERIENCE,1
034,34th Precinct,06,DRUGS (ILLEGAL),1
034,34th Precinct,07,FAILURE TO YIELD RIGHT-OF-WAY,7
034,34th Precinct,09,FOLLOWING TOO CLOSELY,4
034,34th Precinct,10,ILLNESS,1
034,34th Precinct,13,PASSING OR LANE USAGE IMPROPER,5
034,34th Precinct,29,PASSING TOO CLOSELY,2
034,34th Precinct,17,TRAFFIC CONTROL DISREGARDED,1
034,34th Precinct,18,TURNING IMPROPERLY,6
034,34th Precinct,19,UNSAFE SPEED,4
B,BRONX,28,AGGRESSIVE DRIVING/ROAD RAGE,22
B,BRONX,02,ALCOHOL INVOLVEMENT,21
B,BRONX,03,BACKING UNSAFELY,34
B,BRONX,04,DRIVER INATTENTION/DISTRACTION,313
B,BRONX,05,DRIVER INEXPERIENCE,34
B,BRONX,06,DRUGS (ILLEGAL),1
B,BRONX,14,ERR/CONFUSN PED/BIKE/OTHER PED,20
B,BRONX,27,FAILURE TO KEEP RIGHT,2
B,BRONX,07,FAILURE TO YIELD RIGHT-OF-WAY,70
B,BRONX,21,FATIGUED/DROWSY,2
B,BRONX,08,FELL ASLEEP,5
B,BRONX,09,FOLLOWING TOO CLOSELY,81
B,BRONX,10,ILLNESS,1
B,BRONX,26,OTHER UNINVOLVED VEHICLE,15
B,BRONX,25,OUTSIDE CAR DISTRACTION,5
B,BRONX,12,PASSENGER DISTRACTION,4
B,BRONX,13,PASSING OR LANE USAGE IMPROPER,45
B,BRONX,29,PASSING TOO CLOSELY,42
B,BRONX,17,TRAFFIC CONTROL DISREGARDED,43
B,BRONX,18,TURNING IMPROPERLY,37
B,BRONX,20,UNSAFE LANE CHANGING,19
B,BRONX,19,UNSAFE SPEED,80
B,BRONX,32,USING ON BOARD NAVIGATE DEVICE,1
040,40th Precinct,28,AGGRESSIVE DRIVING/ROAD RAGE,4
040,40th Precinct,02,ALCOHOL INVOLVEMENT,2
040,40th Precinct,03,BACKING UNSAFELY,4
040,40th Precinct,04,DRIVER INATTENTION/DISTRACTION,29
040,40th Precinct,05,DRIVER INEXPERIENCE,4
040,40th Precinct,06,DRUGS (ILLEGAL),1
040,40th Precinct,07,FAILURE TO YIELD RIGHT-OF-WAY,4
040,40th Precinct,09,FOLLOWING TOO CLOSELY,5
040,40th Precinct,26,OTHER UNINVOLVED VEHICLE,2
040,40th Precinct,25,OUTSIDE CAR DISTRACTION,1
040,40th Precinct,12,PASSENGER DISTRACTION,1
040,40th Precinct,13,PASSING OR LANE USAGE IMPROPER,4
040,40th Precinct,29,PASSING TOO CLOSELY,4
040,40th Precinct,17,TRAFFIC CONTROL DISREGARDED,4
040,40th Precinct,18,TURNING IMPROPERLY,3
040,40th Precinct,19,UNSAFE SPEED,6
041,41st Precinct,03,BACKING UNSAFELY,4
041,41st Precinct,04,DRIVER INATTENTION/DISTRACTION,17
041,41st Precinct,05,DRIVER INEXPERIENCE,3
041,41st Precinct,14,ERR/CONFUSN PED/BIKE/OTHER PED,2
041,41st Precinct,07,FAILURE TO YIELD RIGHT-OF-WAY,5
041,41st Precinct,21,FATIGUED/DROWSY,1
041,41st Precinct,09,FOLLOWING TOO CLOSELY,2
041,41st Precinct,26,OTHER UNINVOLVED VEHICLE,1
041,41st Precinct,25,OUTSIDE CAR DISTRACTION,1
041,41st Precinct,13,PASSING OR LANE USAGE IMPROPER,2
041,41st Precinct,29,PASSING TOO CLOSELY,2
041,41st Precinct,17,TRAFFIC CONTROL DISREGARDED,2
041,41st Precinct,18,TURNING IMPROPERLY,3
041,41st Precinct,19,UNSAFE SPEED,3
041,41st Precinct,32,USING ON BOARD NAVIGATE DEVICE,1
042,42nd Precinct,28,AGGRESSIVE DRIVING/ROAD RAGE,2
042,42nd Precinct,02,ALCOHOL INVOLVEMENT,2
042,42nd Precinct,03,BACKING UNSAFELY,1
042,42nd Precinct,04,DRIVER INATTENTION/DISTRACTION,14
042,42nd Precinct,05,DRIVER INEXPERIENCE,1
042,42nd Precinct,14,ERR/CONFUSN PED/BIKE/OTHER PED,2
042,42nd Precinct,07,FAILURE TO YIELD RIGHT-OF-WAY,3
042,42nd Precinct,08,FELL ASLEEP,1
042,42nd Precinct,09,FOLLOWING TOO CLOSELY,3
042,42nd Precinct,13,PASSING OR LANE USAGE IMPROPER,2
042,42nd Precinct,29,PASSING TOO CLOSELY,4
042,42nd Precinct,17,TRAFFIC CONTROL DISREGARDED,3
042,42nd Precinct,18,TURNING IMPROPERLY,3
042,42nd Precinct,20,UNSAFE LANE CHANGING,2
042,42nd Precinct,19,UNSAFE SPEED,6
043,43rd Precinct,28,AGGRESSIVE DRIVING/ROAD RAGE,2
043,43rd Precinct,02,ALCOHOL INVOLVEMENT,1
043,43rd Precinct,03,BACKING UNSAFELY,3
043,43rd Precinct,04,DRIVER INATTENTION/DISTRACTION,36
043,43rd Precinct,05,DRIVER INEXPERIENCE,2
043,43rd Precinct,14,ERR/CONFUSN PED/BIKE/OTHER PED,3
043,43rd Precinct,07,FAILURE TO YIELD RIGHT-OF-WAY,12
043,43rd Precinct,09,FOLLOWING TOO CLOSELY,3
043,43rd Precinct,26,OTHER UNINVOLVED VEHICLE,1
043,43rd Precinct,13,PASSING OR LANE USAGE IMPROPER,2
043,43rd Precinct,29,PASSING TOO CLOSELY,1
043,43rd Precinct,18,TURNING IMPROPERLY,4
043,43rd Precinct,20,UNSAFE LANE CHANGING,3
043,43rd Precinct,19,UNSAFE SPEED,8
044,44th Precinct,28,AGGRESSIVE DRIVING/ROAD RAGE,3
044,44th Precinct,02,ALCOHOL INVOLVEMENT,2
044,44th Precinct,03,BACKING UNSAFELY,4
044,44th Precinct,04,DRIVER INATTENTION/DISTRACTION,24
044,44th Precinct,05,DRIVER INEXPERIENCE,3
044,44th Precinct,14,ERR/CONFUSN PED/BIKE/OTHER PED,6
044,44th Precinct,07,FAILURE TO YIELD RIGHT-OF-WAY,8
044,44th Precinct,08,FELL ASLEEP,2
044,44th Precinct,09,FOLLOWING TOO CLOSELY,4
044,44th Precinct,10,ILLNESS,1
044,44th Precinct,13,PASSING OR LANE USAGE IMPROPER,8
044,44th Precinct,29,PASSING TOO CLOSELY,3
044,44th Precinct,17,TRAFFIC CONTROL DISREGARDED,10
044,44th Precinct,18,TURNING IMPROPERLY,7
044,44th Precinct,20,UNSAFE LANE CHANGING,4
044,44th Precinct,19,UNSAFE SPEED,3
045,45th Precinct,28,AGGRESSIVE DRIVING/ROAD RAGE,3
045,45th Precinct,02,ALCOHOL INVOLVEMENT,1
045,45th Precinct,04,DRIVER INATTENTION/DISTRACTION,14
045,45th Precinct,05,DRIVER INEXPERIENCE,5
045,45th Precinct,07,FAILURE TO YIELD RIGHT-OF-WAY,2
045,45th Precinct,21,FATIGUED/DROWSY,1
045,45th Precinct,09,FOLLOWING TOO CLOSELY,12
045,45th Precinct,26,OTHER UNINVOLVED VEHICLE,6
045,45th Precinct,13,PASSING OR LANE USAGE IMPROPER,1
045,45th Precinct,29,PASSING TOO CLOSELY,2
045,45th Precinct,17,TRAFFIC CONTROL DISREGARDED,1
045,45th Precinct,18,TURNING IMPROPERLY,1
045,45th Precinct,20,UNSAFE LANE CHANGING,2
045,45th Precinct,19,UNSAFE SPEED,3
046,46th Precinct,02,ALCOHOL INVOLVEMENT,4
046,46th Precinct,03,BACKING UNSAFELY,1
046,46th Precinct,04,DRIVER INATTENTION/DISTRACTION,29
046,46th Precinct,05,DRIVER INEXPERIENCE,4
046,46th Precinct,07,FAILURE TO YIELD RIGHT-OF-WAY,1
046,46th Precinct,09,FOLLOWING TOO CLOSELY,5
046,46th Precinct,26,OTHER UNINVOLVED VEHICLE,1
046,46th Precinct,13,PASSING OR LANE USAGE IMPROPER,1
046,46th Precinct,29,PASSING TOO CLOSELY,3
046,46th Precinct,17,TRAFFIC CONTROL DISREGARDED,3
046,46th Precinct,18,TURNING IMPROPERLY,3
046,46th Precinct,20,UNSAFE LANE CHANGING,4
046,46th Precinct,19,UNSAFE SPEED,5
047,47th Precinct,28,AGGRESSIVE DRIVING/ROAD RAGE,4
047,47th Precinct,03,BACKING UNSAFELY,8
047,47th Precinct,04,DRIVER INATTENTION/DISTRACTION,39
047,47th Precinct,05,DRIVER INEXPERIENCE,2
047,47th Precinct,27,FAILURE TO KEEP RIGHT,1
047,47th Precinct,07,FAILURE TO YIELD RIGHT-OF-WAY,16
047,47th Precinct,09,FOLLOWING TOO CLOSELY,14
047,47th Precinct,26,OTHER UNINVOLVED VEHICLE,3
047,47th Precinct,25,OUTSIDE CAR DISTRACTION,1
047,47th Precinct,13,PASSING OR LANE USAGE IMPROPER,10
047,47th Precinct,29,PASSING TOO CLOSELY,5
047,47th Precinct,17,TRAFFIC CONTROL DISREGARDED,10
047,47th Precinct,18,TURNING IMPROPERLY,7
047,47th Precinct,19,UNSAFE SPEED,24
048,48th Precinct,28,AGGRESSIVE DRIVING/ROAD RAGE,1
048,48th Precinct,02,ALCOHOL INVOLVEMENT,2
048,48th Precinct,03,BACKING UNSAFELY,2
048,48th Precinct,04,DRIVER INATTENTION/DISTRACTION,29
048,48th Precinct,05,DRIVER INEXPERIENCE,2
048,48th Precinct,14,ERR/CONFUSN PED/BIKE/OTHER PED,2
048,48th Precinct,07,FAILURE TO YIELD RIGHT-OF-WAY,4
048,48th Precinct,09,FOLLOWING TOO CLOSELY,8
048,48th Precinct,25,OUTSIDE CAR DISTRACTION,2
048,48th Precinct,12,PASSENGER DISTRACTION,2
048,48th Precinct,13,PASSING OR LANE USAGE IMPROPER,3
048,48th Precinct,29,PASSING TOO CLOSELY,3
048,48th Precinct,17,TRAFFIC CONTROL DISREGARDED,1
048,48th Precinct,18,TURNING IMPROPERLY,1
048,48th Precinct,20,UNSAFE LANE CHANGING,1
048,48th Precinct,19,UNSAFE SPEED,2
049,49th Precinct,02,ALCOHOL INVOLVEMENT,1
049,49th Precinct,03,BACKING UNSAFELY,3
049,49th Precinct,04,DRIVER INATTENTION/DISTRACTION,53
049,49th Precinct,05,DRIVER INEXPERIENCE,1
049,49th Precinct,14,ERR/CONFUSN PED/BIKE/OTHER PED,4
049,49th Precinct,07,FAILURE TO YIELD RIGHT-OF-WAY,3
049,49th Precinct,08,FELL ASLEEP,1
049,49th Precinct,09,FOLLOWING TOO CLOSELY,9
049,49th Precinct,13,PASSING OR LANE USAGE IMPROPER,3
049,49th Precinct,17,TRAFFIC CONTROL DISREGARDED,2
049,49th Precinct,20,UNSAFE LANE CHANGING,3
049,49th Precinct,19,UNSAFE SPEED,2
050,50th Precinct,28,AGGRESSIVE DRIVING/ROAD RAGE,1
050,50th Precinct,02,ALCOHOL INVOLVEMENT,4
050,50th Precinct,03,BACKING UNSAFELY,1
050,50th Precinct,04,DRIVER INATTENTION/DISTRACTION,9
050,50th Precinct,05,DRIVER INEXPERIENCE,1
050,50th Precinct,27,FAILURE TO KEEP RIGHT,1
050,50th Precinct,07,FAILURE TO YIELD RIGHT-OF-WAY,3
050,50th Precinct,09,FOLLOWING TOO CLOSELY,4
050,50th Precinct,26,OTHER UNINVOLVED VEHICLE,1
050,50th Precinct,13,PASSING OR LANE USAGE IMPROPER,2
050,50th Precinct,29,PASSING TOO CLOSELY,4
050,50th Precinct,17,TRAFFIC CONTROL DISREGARDED,1
050,50th Precinct,18,TURNING IMPROPERLY,2
050,50th Precinct,19,UNSAFE SPEED,9
052,52nd Precinct,28,AGGRESSIVE DRIVING/ROAD RAGE,2
052,52nd Precinct,02,ALCOHOL INVOLVEMENT,2
052,52nd Precinct,03,BACKING UNSAFELY,3
052,52nd Precinct,04,DRIVER INATTENTION/DISTRACTION,20
052,52nd Precinct,05,DRIVER INEXPERIENCE,6
052,52nd Precinct,14,ERR/CONFUSN PED/BIKE/OTHER PED,1
052,52nd Precinct,07,FAILURE TO YIELD RIGHT-OF-WAY,9
052,52nd Precinct,08,FELL ASLEEP,1
052,52nd Precinct,09,FOLLOWING TOO CLOSELY,12
052,52nd Precinct,12,PASSENGER DISTRACTION,1
052,52nd Precinct,13,PASSING OR LANE USAGE IMPROPER,7
052,52nd Precinct,29,PASSING TOO CLOSELY,11
052,52nd Precinct,17,TRAFFIC CONTROL DISREGARDED,6
052,52nd Precinct,18,TURNING IMPROPERLY,3
052,52nd Precinct,19,UNSAFE SPEED,9
K,BROOKLYN,28,AGGRESSIVE DRIVING/ROAD RAGE,33
K,BROOKLYN,02,ALCOHOL INVOLVEMENT,55
K,BROOKLYN,03,BACKING UNSAFELY,67
K,BROOKLYN,22,CELL PHONE (HAND-HELD),1
K,BROOKLYN,04,DRIVER INATTENTION/DISTRACTION,880
K,BROOKLYN,05,DRIVER INEXPERIENCE,88
K,BROOKLYN,06,DRUGS (ILLEGAL),2
K,BROOKLYN,14,ERR/CONFUSN PED/BIKE/OTHER PED,34
K,BROOKLYN,27,FAILURE TO KEEP RIGHT,4
K,BROOKLYN,07,FAILURE TO YIELD RIGHT-OF-WAY,185
K,BROOKLYN,21,FATIGUED/DROWSY,2
K,BROOKLYN,08,FELL ASLEEP,11
K,BROOKLYN,09,FOLLOWING TOO CLOSELY,151
K,BROOKLYN,10,ILLNESS,5
K,BROOKLYN,11,LOST CONSCIOUSNESS,5
K,BROOKLYN,26,OTHER UNINVOLVED VEHICLE,32
K,BROOKLYN,25,OUTSIDE CAR DISTRACTION,7
K,BROOKLYN,12,PASSENGER DISTRACTION,5
K,BROOKLYN,13,PASSING OR LANE USAGE IMPROPER,140
K,BROOKLYN,29,PASSING TOO CLOSELY,99
K,BROOKLYN,16,PRESCRIPTION MEDICATION,1
K,BROOKLYN,17,TRAFFIC CONTROL DISREGARDED,92
K,BROOKLYN,18,TURNING IMPROPERLY,59
K,BROOKLYN,20,UNSAFE LANE CHANGING,39
K,BROOKLYN,19,UNSAFE SPEED,82
060,60th Precinct,02,ALCOHOL INVOLVEMENT,1
060,60th Precinct,03,BACKING UNSAFELY,4
060,60th Precinct,04,DRIVER INATTENTION/DISTRACTION,42
060,60th Precinct,05,DRIVER INEXPERIENCE,3
060,60th Precinct,06,DRUGS (ILLEGAL),1
060,60th Precinct,14,ERR/CONFUSN PED/BIKE/OTHER PED,2
060,60th Precinct,07,FAILURE TO YIELD RIGHT-OF-WAY,7
060,60th Precinct,13,PASSING OR LANE USAGE IMPROPER,2
060,60th Precinct,29,PASSING TOO CLOSELY,2
060,60th Precinct,17,TRAFFIC CONTROL DISREGARDED,1
060,60th Precinct,18,TURNING IMPROPERLY,2
060,60th Precinct,20,UNSAFE LANE CHANGING,1
060,60th Precinct,19,UNSAFE SPEED,3
061,61st Precinct,28,AGGRESSIVE DRIVING/ROAD RAGE,1
061,61st Precinct,02,ALCOHOL INVOLVEMENT,4
061,61st Precinct,03,BACKING UNSAFELY,4
061,61st Precinct,04,DRIVER INATTENTION/DISTRACTION,31
061,61st Precinct,05,DRIVER INEXPERIENCE,5
061,61st Precinct,07,FAILURE TO YIELD RIGHT-OF-WAY,8
061,61st Precinct,09,FOLLOWING TOO CLOSELY,2
061,61st Precinct,11,LOST CONSCIOUSNESS,1
061,61st Precinct,13,PASSING OR LANE USAGE IMPROPER,1
061,61st Precinct,29,PASSING TOO CLOSELY,2
061,61st Precinct,17,TRAFFIC CONTROL DISREGARDED,9
061,61st Precinct,19,UNSAFE SPEED,3
062,62nd Precinct,28,AGGRESSIVE DRIVING/ROAD RAGE,2
062,62nd Precinct,03,BACKING UNSAFELY,2
062,62nd Precinct,04,DRIVER INATTENTION/DISTRACTION,49
062,62nd Precinct,05,DRIVER INEXPERIENCE,6
062,62nd Precinct,07,FAILURE TO YIELD RIGHT-OF-WAY,21
062,62nd Precinct,09,FOLLOWING TOO CLOSELY,8
062,62nd Precinct,13,PASSING OR LANE USAGE IMPROPER,3
062,62nd Precinct,29,PASSING TOO CLOSELY,2
062,62nd Precinct,17,TRAFFIC CONTROL DISREGARDED,3
062,62nd Precinct,20,UNSAFE LANE CHANGING,1
062,62nd Precinct,19,UNSAFE SPEED,1
063,63rd Precinct,28,AGGRESSIVE DRIVING/ROAD RAGE,1
063,63rd Precinct,02,ALCOHOL INVOLVEMENT,4
063,63rd Precinct,04,DRIVER INATTENTION/DISTRACTION,49
063,63rd Precinct,05,DRIVER INEXPERIENCE,8
063,63rd Precinct,14,ERR/CONFUSN PED/BIKE/OTHER PED,2
063,63rd Precinct,07,FAILURE TO YIELD RIGHT-OF-WAY,9
063,63rd Precinct,09,FOLLOWING TOO CLOSELY,6
063,63rd Precinct,13,PASSING OR LANE USAGE IMPROPER,8
063,63rd Precinct,29,PASSING TOO CLOSELY,1
063,63rd Precinct,17,TRAFFIC CONTROL DISREGARDED,3
063,63rd Precinct,18,TURNING IMPROPERLY,2
063,63rd Precinct,20,UNSAFE LANE CHANGING,3
063,63rd Precinct,19,UNSAFE SPEED,4
066,66th Precinct,02,ALCOHOL INVOLVEMENT,4
066,66th Precinct,03,BACKING UNSAFELY,3
066,66th Precinct,04,DRIVER INATTENTION/DISTRACTION,17
066,66th Precinct,05,DRIVER INEXPERIENCE,1
066,66th Precinct,07,FAILURE TO YIELD RIGHT-OF-WAY,5
066,66th Precinct,08,FELL ASLEEP,2
066,66th Precinct,25,OUTSIDE CAR DISTRACTION,1
066,66th Precinct,12,PASSENGER DISTRACTION,1
066,66th Precinct,13,PASSING OR LANE USAGE IMPROPER,2
066,66th Precinct,17,TRAFFIC CONTROL DISREGARDED,2
066,66th Precinct,18,TURNING IMPROPERLY,1
066,66th Precinct,19,UNSAFE SPEED,1
067,67th Precinct,28,AGGRESSIVE DRIVING/ROAD RAGE,1
067,67th Precinct,02,ALCOHOL INVOLVEMENT,3
067,67th Precinct,03,BACKING UNSAFELY,4
067,67th Precinct,04,DRIVER INATTENTION/DISTRACTION,38
067,67th Precinct,05,DRIVER INEXPERIENCE,5
067,67th Precinct,14,ERR/CONFUSN PED/BIKE/OTHER PED,3
067,67th Precinct,27,FAILURE TO KEEP RIGHT,1
067,67th Precinct,07,FAILURE TO YIELD RIGHT-OF-WAY,8
067,67th Precinct,08,FELL ASLEEP,1
067,67th Precinct,09,FOLLOWING TOO CLOSELY,5
067,67th Precinct,26,OTHER UNINVOLVED VEHICLE,2
067,67th Precinct,12,PASSENGER DISTRACTION,2
067,67th Precinct,13,PASSING OR LANE USAGE IMPROPER,3
067,67th Precinct,17,TRAFFIC CONTROL DISREGARDED,2
067,67th Precinct,18,TURNING IMPROPERLY,3
067,67th Precinct,19,UNSAFE SPEED,2
068,68th Precinct,02,ALCOHOL INVOLVEMENT,3
068,68th Precinct,03,BACKING UNSAFELY,2
068,68th Precinct,04,DRIVER INATTENTION/DISTRACTION,51
068,68th Precinct,05,DRIVER INEXPERIENCE,5
068,68th Precinct,07,FAILURE TO YIELD RIGHT-OF-WAY,10
068,68th Precinct,08,FELL ASLEEP,1
068,68th Precinct,09,FOLLOWING TOO CLOSELY,12
068,68th Precinct,26,OTHER UNINVOLVED VEHICLE,4
068,68th Precinct,13,PASSING OR LANE USAGE IMPROPER,5
068,68th Precinct,29,PASSING TOO CLOSELY,2
068,68th Precinct,17,TRAFFIC CONTROL DISREGARDED,2
068,68th Precinct,20,UNSAFE LANE CHANGING,5
068,68th Precinct,19,UNSAFE SPEED,2
069,69th Precinct,28,AGGRESSIVE DRIVING/ROAD RAGE,3
069,69th Precinct,02,ALCOHOL INVOLVEMENT,1
069,69th Precinct,03,BACKING UNSAFELY,1
069,69th Precinct,04,DRIVER INATTENTION/DISTRACTION,35
069,69th Precinct,05,DRIVER INEXPERIENCE,3
069,69th Precinct,14,ERR/CONFUSN PED/BIKE/OTHER PED,1
069,69th Precinct,07,FAILURE TO YIELD RIGHT-OF-WAY,14
069,69th Precinct,08,FELL ASLEEP,1
069,69th Precinct,09,FOLLOWING TOO CLOSELY,9
069,69th Precinct,26,OTHER UNINVOLVED VEHICLE,1
069,69th Precinct,12,PASSENGER DISTRACTION,1
069,69th Precinct,13,PASSING OR LANE USAGE IMPROPER,2
069,69th Precinct,29,PASSING TOO CLOSELY,6
069,69th Precinct,17,TRAFFIC CONTROL DISREGARDED,13
069,69th Precinct,18,TURNING IMPROPERLY,5
069,69th Precinct,20,UNSAFE LANE CHANGING,2
069,69th Precinct,19,UNSAFE SPEED,6
070,70th Precinct,28,AGGRESSIVE DRIVING/ROAD RAGE,2
070,70th Precinct,02,ALCOHOL INVOLVEMENT,1
070,70th Precinct,03,BACKING UNSAFELY,1
070,70th Precinct,22,CELL PHONE (HAND-HELD),1
070,70th Precinct,04,DRIVER INATTENTION/DISTRACTION,38
070,70th Precinct,05,DRIVER INEXPERIENCE,5
070,70th Precinct,14,ERR/CONFUSN PED/BIKE/OTHER PED,1
070,70th Precinct,07,FAILURE TO YIELD RIGHT-OF-WAY,5
070,70th Precinct,08,FELL ASLEEP,2
070,70th Precinct,09,FOLLOWING TOO CLOSELY,4
070,70th Precinct,26,OTHER UNINVOLVED VEHICLE,1
070,70th Precinct,13,PASSING OR LANE USAGE IMPROPER,6
070,70th Precinct,29,PASSING TOO CLOSELY,3
070,70th Precinct,17,TRAFFIC CONTROL DISREGARDED,2
070,70th Precinct,18,TURNING IMPROPERLY,3
070,70th Precinct,20,UNSAFE LANE CHANGING,1
071,71st Precinct,28,AGGRESSIVE DRIVING/ROAD RAGE,5
071,71st Precinct,02,ALCOHOL INVOLVEMENT,1
071,71st Precinct,03,BACKING UNSAFELY,2
071,71st Precinct,04,DRIVER INATTENTION/DISTRACTION,48
071,71st Precinct,07,FAILURE TO YIELD RIGHT-OF-WAY,7
071,71st Precinct,11,LOST CONSCIOUSNESS,1
071,71st Precinct,25,OUTSIDE CAR DISTRACTION,1
071,71st Precinct,13,PASSING OR LANE USAGE IMPROPER,3
071,71st Precinct,29,PASSING TOO CLOSELY,4
071,71st Precinct,17,TRAFFIC CONTROL DISREGARDED,4
071,71st Precinct,18,TURNING IMPROPERLY,1
071,71st Precinct,20,UNSAFE LANE CHANGING,1
071,71st Precinct,19,UNSAFE SPEED,5
072,72nd Precinct,28,AGGRESSIVE DRIVING/ROAD RAGE,1
072,72nd Precinct,02,ALCOHOL INVOLVEMENT,2
072,72nd Precinct,03,BACKING UNSAFELY,3
072,72nd Precinct,04,DRIVER INATTENTION/DISTRACTION,53
072,72nd Precinct,05,DRIVER INEXPERIENCE,5
072,72nd Precinct,06,DRUGS (ILLEGAL),1
072,72nd Precinct,14,ERR/CONFUSN PED/BIKE/OTHER PED,4
072,72nd Precinct,27,FAILURE TO KEEP RIGHT,1
072,72nd Precinct,07,FAILURE TO YIELD RIGHT-OF-WAY,8
072,72nd Precinct,21,FATIGUED/DROWSY,1
072,72nd Precinct,09,FOLLOWING TOO CLOSELY,15
072,72nd Precinct,10,ILLNESS,1
072,72nd Precinct,11,LOST CONSCIOUSNESS,1
072,72nd Precinct,26,OTHER UNINVOLVED VEHICLE,1
072,72nd Precinct,25,OUTSIDE CAR DISTRACTION,1
072,72nd Precinct,13,PASSING OR LANE USAGE IMPROPER,8
072,72nd Precinct,29,PASSING TOO CLOSELY,3
072,72nd Precinct,16,PRESCRIPTION MEDICATION,1
072,72nd Precinct,17,TRAFFIC CONTROL DISREGARDED,5
072,72nd Precinct,18,TURNING IMPROPERLY,6
072,72nd Precinct,20,UNSAFE LANE CHANGING,1
072,72nd Precinct,19,UNSAFE SPEED,5
073,73rd Precinct,28,AGGRESSIVE DRIVING/ROAD RAGE,4
073,73rd Precinct,02,ALCOHOL INVOLVEMENT,2
073,73rd Precinct,03,BACKING UNSAFELY,2
073,73rd Precinct,04,DRIVER INATTENTION/DISTRACTION,16
073,73rd Precinct,05,DRIVER INEXPERIENCE,2
073,73rd Precinct,14,ERR/CONFUSN PED/BIKE/OTHER PED,2
073,73rd Precinct,07,FAILURE TO YIELD RIGHT-OF-WAY,4
073,73rd Precinct,09,FOLLOWING TOO CLOSELY,1
073,73rd Precinct,26,OTHER UNINVOLVED VEHICLE,1
073,73rd Precinct,25,OUTSIDE CAR DISTRACTION,1
073,73rd Precinct,13,PASSING OR LANE USAGE IMPROPER,1
073,73rd Precinct,17,TRAFFIC CONTROL DISREGARDED,1
073,73rd Precinct,18,TURNING IMPROPERLY,1
073,73rd Precinct,20,UNSAFE LANE CHANGING,1
073,73rd Precinct,19,UNSAFE SPEED,4
075,75th Precinct,28,AGGRESSIVE DRIVING/ROAD RAGE,2
075,75th Precinct,02,ALCOHOL INVOLVEMENT,6
075,75th Precinct,03,BACKING UNSAFELY,7
075,75th Precinct,04,DRIVER INATTENTION/DISTRACTION,49
075,75th Precinct,05,DRIVER INEXPERIENCE,2
075,75th Precinct,14,ERR/CONFUSN PED/BIKE/OTHER PED,1
075,75th Precinct,07,FAILURE TO YIELD RIGHT-OF-WAY,16
075,75th Precinct,09,FOLLOWING TOO CLOSELY,12
075,75th Precinct,10,ILLNESS,1
075,75th Precinct,26,OTHER UNINVOLVED VEHICLE,2
075,75th Precinct,25,OUTSIDE CAR DISTRACTION,1
075,75th Precinct,13,PASSING OR LANE USAGE IMPROPER,14
075,75th Precinct,29,PASSING TOO CLOSELY,6
075,75th Precinct,17,TRAFFIC CONTROL DISREGARDED,16
075,75th Precinct,18,TURNING IMPROPERLY,5
075,75th Precinct,20,UNSAFE LANE CHANGING,2
075,75th Precinct,19,UNSAFE SPEED,8
076,76th Precinct,28,AGGRESSIVE DRIVING/ROAD RAGE,1
076,76th Precinct,02,ALCOHOL INVOLVEMENT,2
076,76th Precinct,03,BACKING UNSAFELY,3
076,76th Precinct,04,DRIVER INATTENTION/DISTRACTION,15
076,76th Precinct,07,FAILURE TO YIELD RIGHT-OF-WAY,1
076,76th Precinct,09,FOLLOWING TOO CLOSELY,14
076,76th Precinct,26,OTHER UNINVOLVED VEHICLE,1
076,76th Precinct,13,PASSING OR LANE USAGE IMPROPER,1
076,76th Precinct,29,PASSING TOO CLOSELY,3
076,76th Precinct,17,TRAFFIC CONTROL DISREGARDED,2
076,76th Precinct,18,TURNING IMPROPERLY,5
076,76th Precinct,20,UNSAFE LANE CHANGING,2
076,76th Precinct,19,UNSAFE SPEED,1
077,77th Precinct,28,AGGRESSIVE DRIVING/ROAD RAGE,1
077,77th Precinct,02,ALCOHOL INVOLVEMENT,5
077,77th Precinct,03,BACKING UNSAFELY,1
077,77th Precinct,04,DRIVER INATTENTION/DISTRACTION,46
077,77th Precinct,05,DRIVER INEXPERIENCE,1
077,77th Precinct,14,ERR/CONFUSN PED/BIKE/OTHER PED,4
077,77th Precinct,07,FAILURE TO YIELD RIGHT-OF-WAY,3
077,77th Precinct,08,FELL ASLEEP,1
077,77th Precinct,09,FOLLOWING TOO CLOSELY,7
077,77th Precinct,13,PASSING OR LANE USAGE IMPROPER,5
077,77th Precinct,29,PASSING TOO CLOSELY,6
077,77th Precinct,17,TRAFFIC CONTROL DISREGARDED,2
077,77th Precinct,18,TURNING IMPROPERLY,4
077,77th Precinct,20,UNSAFE LANE CHANGING,2
077,77th Precinct,19,UNSAFE SPEED,4
078,78th Precinct,02,ALCOHOL INVOLVEMENT,3
078,78th Precinct,03,BACKING UNSAFELY,6
078,78th Precinct,04,DRIVER INATTENTION/DISTRACTION,45
078,78th Precinct,05,DRIVER INEXPERIENCE,3
078,78th Precinct,14,ERR/CONFUSN PED/BIKE/OTHER PED,5
078,78th Precinct,27,FAILURE TO KEEP RIGHT,1
078,78th Precinct,07,FAILURE TO YIELD RIGHT-OF-WAY,6
078,78th Precinct,09,FOLLOWING TOO CLOSELY,4
078,78th Precinct,11,LOST CONSCIOUSNESS,1
078,78th Precinct,26,OTHER UNINVOLVED VEHICLE,2
078,78th Precinct,13,PASSING OR LANE USAGE IMPROPER,10
078,78th Precinct,29,PASSING TOO CLOSELY,7
078,78th Precinct,17,TRAFFIC CONTROL DISREGARDED,2
078,78th Precinct,18,TURNING IMPROPERLY,2
078,78th Precinct,19,UNSAFE SPEED,2
079,79th Precinct,28,AGGRESSIVE DRIVING/ROAD RAGE,1
079,79th Precinct,02,ALCOHOL INVOLVEMENT,2
079,79th Precinct,03,BACKING UNSAFELY,7
079,79th Precinct,04,DRIVER INATTENTION/DISTRACTION,47
079,79th Precinct,05,DRIVER INEXPERIENCE,7
079,79th Precinct,14,ERR/CONFUSN PED/BIKE/OTHER PED,2
079,79th Precinct,07,FAILURE TO YIELD RIGHT-OF-WAY,6
079,79th Precinct,08,FELL ASLEEP,1
079,79th Precinct,09,FOLLOWING TOO CLOSELY,6
079,79th Precinct,10,ILLNESS,1
079,79th Precinct,26,OTHER UNINVOLVED VEHICLE,2
079,79th Precinct,13,PASSING OR LANE USAGE IMPROPER,8
079,79th Precinct,29,PASSING TOO CLOSELY,6
079,79th Precinct,17,TRAFFIC CONTROL DISREGARDED,7
079,79th Precinct,18,TURNING IMPROPERLY,1
079,79th Precinct,20,UNSAFE LANE CHANGING,2
079,79th Precinct,19,UNSAFE SPEED,6
081,81st Precinct,28,AGGRESSIVE DRIVING/ROAD RAGE,3
081,81st Precinct,02,ALCOHOL INVOLVEMENT,2
081,81st Precinct,03,BACKING UNSAFELY,3
081,81st Precinct,04,DRIVER INATTENTION/DISTRACTION,25
081,81st Precinct,05,DRIVER INEXPERIENCE,4
081,81st Precinct,14,ERR/CONFUSN PED/BIKE/OTHER PED,2
081,81st Precinct,07,FAILURE TO YIELD RIGHT-OF-WAY,7
081,81st Precinct,21,FATIGUED/DROWSY,1
081,81st Precinct,08,FELL ASLEEP,1
081,81st Precinct,09,FOLLOWING TOO CLOSELY,3
081,81st Precinct,26,OTHER UNINVOLVED VEHICLE,1
081,81st Precinct,13,PASSING OR LANE USAGE IMPROPER,8
081,81st Precinct,29,PASSING TOO CLOSELY,3
081,81st Precinct,17,TRAFFIC CONTROL DISREGARDED,2
081,81st Precinct,18,TURNING IMPROPERLY,3
081,81st Precinct,19,UNSAFE SPEED,2
083,83rd Precinct,02,ALCOHOL INVOLVEMENT,3
083,83rd Precinct,03,BACKING UNSAFELY,4
083,83rd Precinct,04,DRIVER INATTENTION/DISTRACTION,39
083,83rd Precinct,05,DRIVER INEXPERIENCE,10
083,83rd Precinct,14,ERR/CONFUSN PED/BIKE/OTHER PED,2
083,83rd Precinct,07,FAILURE TO YIELD RIGHT-OF-WAY,17
083,83rd Precinct,09,FOLLOWING TOO CLOSELY,7
083,83rd Precinct,26,OTHER UNINVOLVED VEHICLE,4
083,83rd Precinct,25,OUTSIDE CAR DISTRACTION,2
083,83rd Precinct,13,PASSING OR LANE USAGE IMPROPER,17
083,83rd Precinct,29,PASSING TOO CLOSELY,15
083,83rd Precinct,17,TRAFFIC CONTROL DISREGARDED,2
083,83rd Precinct,18,TURNING IMPROPERLY,3
083,83rd Precinct,20,UNSAFE LANE CHANGING,2
083,83rd Precinct,19,UNSAFE SPEED,9
084,84th Precinct,28,AGGRESSIVE DRIVING/ROAD RAGE,1
084,84th Precinct,03,BACKING UNSAFELY,1
084,84th Precinct,04,DRIVER INATTENTION/DISTRACTION,27
084,84th Precinct,05,DRIVER INEXPERIENCE,2
084,84th Precinct,14,ERR/CONFUSN PED/BIKE/OTHER PED,1
084,84th Precinct,07,FAILURE TO YIELD RIGHT-OF-WAY,5
084,84th Precinct,09,FOLLOWING TOO CLOSELY,11
084,84th Precinct,11,LOST CONSCIOUSNESS,1
084,84th Precinct,26,OTHER UNINVOLVED VEHICLE,3
084,84th Precinct,13,PASSING OR LANE USAGE IMPROPER,9
084,84th Precinct,29,PASSING TOO CLOSELY,9
084,84th Precinct,17,TRAFFIC CONTROL DISREGARDED,1
084,84th Precinct,18,TURNING IMPROPERLY,3
084,84th Precinct,20,UNSAFE LANE CHANGING,6
084,84th Precinct,19,UNSAFE SPEED,2
088,88th Precinct,28,AGGRESSIVE DRIVING/ROAD RAGE,1
088,88th Precinct,02,ALCOHOL INVOLVEMENT,2
088,88th Precinct,04,DRIVER INATTENTION/DISTRACTION,21
088,88th Precinct,05,DRIVER INEXPERIENCE,1
088,88th Precinct,07,FAILURE TO YIELD RIGHT-OF-WAY,7
088,88th Precinct,08,FELL ASLEEP,1
088,88th Precinct,09,FOLLOWING TOO CLOSELY,3
088,88th Precinct,10,ILLNESS,2
088,88th Precinct,12,PASSENGER DISTRACTION,1
088,88th Precinct,13,PASSING OR LANE USAGE IMPROPER,3
088,88th Precinct,29,PASSING TOO CLOSELY,3
088,88th Precinct,17,TRAFFIC CONTROL DISREGARDED,4
088,88th Precinct,18,TURNING IMPROPERLY,2
088,88th Precinct,20,UNSAFE LANE CHANGING,3
088,88th Precinct,19,UNSAFE SPEED,4
090,90th Precinct,02,ALCOHOL INVOLVEMENT,1
090,90th Precinct,03,BACKING UNSAFELY,5
090,90th Precinct,04,DRIVER INATTENTION/DISTRACTION,63
090,90th Precinct,05,DRIVER INEXPERIENCE,7
090,90th Precinct,14,ERR/CONFUSN PED/BIKE/OTHER PED,1
090,90th Precinct,07,FAILURE TO YIELD RIGHT-OF-WAY,8
090,90th Precinct,09,FOLLOWING TOO CLOSELY,10
090,90th Precinct,26,OTHER UNINVOLVED VEHICLE,4
090,90th Precinct,13,PASSING OR LANE USAGE IMPROPER,16
090,90th Precinct,29,PASSING TOO CLOSELY,5
090,90th Precinct,17,TRAFFIC CONTROL DISREGARDED,1
090,90th Precinct,18,TURNING IMPROPERLY,4
090,90th Precinct,20,UNSAFE LANE CHANGING,1
090,90th Precinct,19,UNSAFE SPEED,6
094,94th Precinct,28,AGGRESSIVE DRIVING/ROAD RAGE,3
094,94th Precinct,02,ALCOHOL INVOLVEMENT,3
094,94th Precinct,03,BACKING UNSAFELY,2
094,94th Precinct,04,DRIVER INATTENTION/DISTRACTION,36
094,94th Precinct,05,DRIVER INEXPERIENCE,3
094,94th Precinct,14,ERR/CONFUSN PED/BIKE/OTHER PED,1
094,94th Precinct,27,FAILURE TO KEEP RIGHT,1
094,94th Precinct,07,FAILURE TO YIELD RIGHT-OF-WAY,3
094,94th Precinct,09,FOLLOWING TOO CLOSELY,12
094,94th Precinct,26,OTHER UNINVOLVED VEHICLE,3
094,94th Precinct,13,PASSING OR LANE USAGE IMPROPER,5
094,94th Precinct,29,PASSING TOO CLOSELY,11
094,94th Precinct,17,TRAFFIC CONTROL DISREGARDED,6
094,94th Precinct,18,TURNING IMPROPERLY,3
094,94th Precinct,20,UNSAFE LANE CHANGING,3
094,94th Precinct,19,UNSAFE SPEED,2
Q,QUEENS,28,AGGRESSIVE DRIVING/ROAD RAGE,19
Q,QUEENS,02,ALCOHOL INVOLVEMENT,57
Q,QUEENS,03,BACKING UNSAFELY,70
Q,QUEENS,22,CELL PHONE (HAND-HELD),2
Q,QUEENS,04,DRIVER INATTENTION/DISTRACTION,601
Q,QUEENS,05,DRIVER INEXPERIENCE,40
Q,QUEENS,06,DRUGS (ILLEGAL),2
Q,QUEENS,14,ERR/CONFUSN PED/BIKE/OTHER PED,20
Q,QUEENS,27,FAILURE TO KEEP RIGHT,4
Q,QUEENS,07,FAILURE TO YIELD RIGHT-OF-WAY,231
Q,QUEENS,21,FATIGUED/DROWSY,5
Q,QUEENS,08,FELL ASLEEP,13
Q,QUEENS,09,FOLLOWING TOO CLOSELY,202
Q,QUEENS,10,ILLNESS,6
Q,QUEENS,34,LISTENING/USING HEADPHONES,1
Q,QUEENS,11,LOST CONSCIOUSNESS,4
Q,QUEENS,26,OTHER UNINVOLVED VEHICLE,34
Q,QUEENS,25,OUTSIDE CAR DISTRACTION,7
Q,QUEENS,12,PASSENGER DISTRACTION,5
Q,QUEENS,13,PASSING OR LANE USAGE IMPROPER,117
Q,QUEENS,29,PASSING TOO CLOSELY,77
Q,QUEENS,15,PHYSICAL DISABILITY,1
Q,QUEENS,17,TRAFFIC CONTROL DISREGARDED,105
Q,QUEENS,18,TURNING IMPROPERLY,72
Q,QUEENS,20,UNSAFE LANE CHANGING,67
Q,QUEENS,19,UNSAFE SPEED,119
100,100th Precinct,04,DRIVER INATTENTION/DISTRACTION,12
100,100th Precinct,14,ERR/CONFUSN PED/BIKE/OTHER PED,1
100,100th Precinct,07,FAILURE TO YIELD RIGHT-OF-WAY,1
100,100th Precinct,09,FOLLOWING TOO CLOSELY,2
100,100th Precinct,29,PASSING TOO CLOSELY,1
100,100th Precinct,17,TRAFFIC CONTROL DISREGARDED,1
100,100th Precinct,18,TURNING IMPROPERLY,1
100,100th Precinct,20,UNSAFE LANE CHANGING,1
100,100th Precinct,19,UNSAFE SPEED,3
101,101st Precinct,28,AGGRESSIVE DRIVING/ROAD RAGE,1
101,101st Precinct,02,ALCOHOL INVOLVEMENT,1
101,101st Precinct,03,BACKING UNSAFELY,3
101,101st Precinct,04,DRIVER INATTENTION/DISTRACTION,13
101,101st Precinct,05,DRIVER INEXPERIENCE,1
101,101st Precinct,14,ERR/CONFUSN PED/BIKE/OTHER PED,1
101,101st Precinct,27,FAILURE TO KEEP RIGHT,2
101,101st Precinct,07,FAILURE TO YIELD RIGHT-OF-WAY,2
101,101st Precinct,09,FOLLOWING TOO CLOSELY,3
101,101st Precinct,25,OUTSIDE CAR DISTRACTION,1
101,101st Precinct,13,PASSING OR LANE USAGE IMPROPER,1
101,101st Precinct,29,PASSING TOO CLOSELY,1
101,101st Precinct,17,TRAFFIC CONTROL DISREGARDED,1
101,101st Precinct,18,TURNING IMPROPERLY,3
101,101st Precinct,19,UNSAFE SPEED,2
102,102nd Precinct,28,AGGRESSIVE DRIVING/ROAD RAGE,3
102,102nd Precinct,02,ALCOHOL INVOLVEMENT,1
102,102nd Precinct,03,BACKING UNSAFELY,4
102,102nd Precinct,04,DRIVER INATTENTION/DISTRACTION,7
102,102nd Precinct,05,DRIVER INEXPERIENCE,3
102,102nd Precinct,06,DRUGS (ILLEGAL),1
102,102nd Precinct,14,ERR/CONFUSN PED/BIKE/OTHER PED,2
102,102nd Precinct,07,FAILURE TO YIELD RIGHT-OF-WAY,23
102,102nd Precinct,08,FELL ASLEEP,1
102,102nd Precinct,09,FOLLOWING TOO CLOSELY,15
102,102nd Precinct,25,OUTSIDE CAR DISTRACTION,1
102,102nd Precinct,12,PASSENGER DISTRACTION,2
102,102nd Precinct,13,PASSING OR LANE USAGE IMPROPER,12
102,102nd Precinct,29,PASSING TOO CLOSELY,11
102,102nd Precinct,17,TRAFFIC CONTROL DISREGARDED,20
102,102nd Precinct,18,TURNING IMPROPERLY,5
102,102nd Precinct,20,UNSAFE LANE CHANGING,4
102,102nd Precinct,19,UNSAFE SPEED,1
103,103rd Precinct,28,AGGRESSIVE DRIVING/ROAD RAGE,1
103,103rd Precinct,02,ALCOHOL INVOLVEMENT,3
103,103rd Precinct,03,BACKING UNSAFELY,5
103,103rd Precinct,04,DRIVER INATTENTION/DISTRACTION,56
103,103rd Precinct,06,DRUGS (ILLEGAL),1
103,103rd Precinct,14,ERR/CONFUSN PED/BIKE/OTHER PED,2
103,103rd Precinct,27,FAILURE TO KEEP RIGHT,1
103,103rd Precinct,07,FAILURE TO YIELD RIGHT-OF-WAY,17
103,103rd Precinct,08,FELL ASLEEP,1
103,103rd Precinct,09,FOLLOWING TOO CLOSELY,7
103,103rd Precinct,10,ILLNESS,1
103,103rd Precinct,13,PASSING OR LANE USAGE IMPROPER,6
103,103rd Precinct,29,PASSING TOO CLOSELY,10
103,103rd Precinct,17,TRAFFIC CONTROL DISREGARDED,7
103,103rd Precinct,18,TURNING IMPROPERLY,4
103,103rd Precinct,20,UNSAFE LANE CHANGING,1
103,103rd Precinct,19,UNSAFE SPEED,9
104,104th Precinct,02,ALCOHOL INVOLVEMENT,5
104,104th Precinct,03,BACKING UNSAFELY,3
104,104th Precinct,22,CELL PHONE (HAND-HELD),1
104,104th Precinct,04,DRIVER INATTENTION/DISTRACTION,32
104,104th Precinct,05,DRIVER INEXPERIENCE,2
104,104th Precinct,07,FAILURE TO YIELD RIGHT-OF-WAY,15
104,104th Precinct,21,FATIGUED/DROWSY,1
104,104th Precinct,08,FELL ASLEEP,1
104,104th Precinct,09,FOLLOWING TOO CLOSELY,20
104,104th Precinct,26,OTHER UNINVOLVED VEHICLE,3
104,104th Precinct,13,PASSING OR LANE USAGE IMPROPER,10
104,104th Precinct,29,PASSING TOO CLOSELY,8
104,104th Precinct,17,TRAFFIC CONTROL DISREGARDED,5
104,104th Precinct,18,TURNING IMPROPERLY,6
104,104th Precinct,20,UNSAFE LANE CHANGING,5
104,104th Precinct,19,UNSAFE SPEED,13
105,105th Precinct,28,AGGRESSIVE DRIVING/ROAD RAGE,1
105,105th Precinct,02,ALCOHOL INVOLVEMENT,5
105,105th Precinct,03,BACKING UNSAFELY,4
105,105th Precinct,04,DRIVER INATTENTION/DISTRACTION,64
105,105th Precinct,05,DRIVER INEXPERIENCE,3
105,105th Precinct,14,ERR/CONFUSN PED/BIKE/OTHER PED,4
105,105th Precinct,07,FAILURE TO YIELD RIGHT-OF-WAY,18
105,105th Precinct,09,FOLLOWING TOO CLOSELY,12
105,105th Precinct,26,OTHER UNINVOLVED VEHICLE,3
105,105th Precinct,25,OUTSIDE CAR DISTRACTION,1
105,105th Precinct,13,PASSING OR LANE USAGE IMPROPER,6
105,105th Precinct,29,PASSING TOO CLOSELY,1
105,105th Precinct,15,PHYSICAL DISABILITY,1
105,105th Precinct,17,TRAFFIC CONTROL DISREGARDED,7
105,105th Precinct,18,TURNING IMPROPERLY,3
105,105th Precinct,20,UNSAFE LANE CHANGING,10
105,105th Precinct,19,UNSAFE SPEED,9
106,106th Precinct,02,ALCOHOL INVOLVEMENT,2
106,106th Precinct,03,BACKING UNSAFELY,4
106,106th Precinct,04,DRIVER INATTENTION/DISTRACTION,17
106,106th Precinct,05,DRIVER INEXPERIENCE,1
106,106th Precinct,14,ERR/CONFUSN PED/BIKE/OTHER PED,1
106,106th Precinct,07,FAILURE TO YIELD RIGHT-OF-WAY,16
106,106th Precinct,09,FOLLOWING TOO CLOSELY,18
106,106th Precinct,34,LISTENING/USING HEADPHONES,1
106,106th Precinct,11,LOST CONSCIOUSNESS,1
106,106th Precinct,26,OTHER UNINVOLVED VEHICLE,4
106,106th Precinct,13,PASSING OR LANE USAGE IMPROPER,12
106,106th Precinct,29,PASSING TOO CLOSELY,1
106,106th Precinct,17,TRAFFIC CONTROL DISREGARDED,12
106,106th Precinct,18,TURNING IMPROPERLY,9
106,106th Precinct,20,UNSAFE LANE CHANGING,8
106,106th Precinct,19,UNSAFE SPEED,19
107,107th Precinct,28,AGGRESSIVE DRIVING/ROAD RAGE,1
107,107th Precinct,02,ALCOHOL INVOLVEMENT,4
107,107th Precinct,03,BACKING UNSAFELY,5
107,107th Precinct,04,DRIVER INATTENTION/DISTRACTION,30
107,107th Precinct,05,DRIVER INEXPERIENCE,2
107,107th Precinct,14,ERR/CONFUSN PED/BIKE/OTHER PED,3
107,107th Precinct,07,FAILURE TO YIELD RIGHT-OF-WAY,11
107,107th Precinct,09,FOLLOWING TOO CLOSELY,9
107,107th Precinct,10,ILLNESS,1
107,107th Precinct,26,OTHER UNINVOLVED VEHICLE,3
107,107th Precinct,25,OUTSIDE CAR DISTRACTION,1
107,107th Precinct,13,PASSING OR LANE USAGE IMPROPER,6
107,107th Precinct,29,PASSING TOO CLOSELY,4
107,107th Precinct,17,TRAFFIC CONTROL DISREGARDED,5
107,107th Precinct,18,TURNING IMPROPERLY,1
107,107th Precinct,20,UNSAFE LANE CHANGING,4
107,107th Precinct,19,UNSAFE SPEED,5
108,108th Precinct,02,ALCOHOL INVOLVEMENT,4
108,108th Precinct,03,BACKING UNSAFELY,1
108,108th Precinct,04,DRIVER INATTENTION/DISTRACTION,100
108,108th Precinct,05,DRIVER INEXPERIENCE,2
108,108th Precinct,07,FAILURE TO YIELD RIGHT-OF-WAY,9
108,108th Precinct,09,FOLLOWING TOO CLOSELY,12
108,108th Precinct,11,LOST CONSCIOUSNESS,1
108,108th Precinct,26,OTHER UNINVOLVED VEHICLE,3
108,108th Precinct,13,PASSING OR LANE USAGE IMPROPER,9
108,108th Precinct,17,TRAFFIC CONTROL DISREGARDED,3
108,108th Precinct,18,TURNING IMPROPERLY,2
108,108th Precinct,20,UNSAFE LANE CHANGING,7
108,108th Precinct,19,UNSAFE SPEED,4
109,109th Precinct,28,AGGRESSIVE DRIVING/ROAD RAGE,3
109,109th Precinct,02,ALCOHOL INVOLVEMENT,9
109,109th Precinct,03,BACKING UNSAFELY,12
109,109th Precinct,04,DRIVER INATTENTION/DISTRACTION,16
109,109th Precinct,05,DRIVER INEXPERIENCE,2
109,109th Precinct,14,ERR/CONFUSN PED/BIKE/OTHER PED,1
109,109th Precinct,07,FAILURE TO YIELD RIGHT-OF-WAY,31
109,109th Precinct,21,FATIGUED/DROWSY,2
109,109th Precinct,08,FELL ASLEEP,2
109,109th Precinct,09,FOLLOWING TOO CLOSELY,35
109,109th Precinct,10,ILLNESS,2
109,109th Precinct,26,OTHER UNINVOLVED VEHICLE,6
109,109th Precinct,12,PASSENGER DISTRACTION,1
109,109th Precinct,13,PASSING OR LANE USAGE IMPROPER,13
109,109th Precinct,29,PASSING TOO CLOSELY,10
109,109th Precinct,17,TRAFFIC CONTROL DISREGARDED,11
109,109th Precinct,18,TURNING IMPROPERLY,8
109,109th Precinct,20,UNSAFE LANE CHANGING,2
109,109th Precinct,19,UNSAFE SPEED,9
110,110th Precinct,28,AGGRESSIVE DRIVING/ROAD RAGE,1
110,110th Precinct,02,ALCOHOL INVOLVEMENT,6
110,110th Precinct,03,BACKING UNSAFELY,4
110,110th Precinct,04,DRIVER INATTENTION/DISTRACTION,41
110,110th Precinct,05,DRIVER INEXPERIENCE,7
110,110th Precinct,14,ERR/CONFUSN PED/BIKE/OTHER PED,1
110,110th Precinct,07,FAILURE TO YIELD RIGHT-OF-WAY,10
110,110th Precinct,21,FATIGUED/DROWSY,1
110,110th Precinct,09,FOLLOWING TOO CLOSELY,5
110,110th Precinct,26,OTHER UNINVOLVED VEHICLE,3
110,110th Precinct,13,PASSING OR LANE USAGE IMPROPER,4
110,110th Precinct,29,PASSING TOO CLOSELY,3
110,110th Precinct,17,TRAFFIC CONTROL DISREGARDED,4
110,110th Precinct,18,TURNING IMPROPERLY,6
110,110th Precinct,19,UNSAFE SPEED,4
111,111th Precinct,28,AGGRESSIVE DRIVING/ROAD RAGE,1
111,111th Precinct,02,ALCOHOL INVOLVEMENT,2
111,111th Precinct,03,BACKING UNSAFELY,4
111,111th Precinct,04,DRIVER INATTENTION/DISTRACTION,38
111,111th Precinct,05,DRIVER INEXPERIENCE,7
111,111th Precinct,07,FAILURE TO YIELD RIGHT-OF-WAY,4
111,111th Precinct,09,FOLLOWING TOO CLOSELY,12
111,111th Precinct,26,OTHER UNINVOLVED VEHICLE,3
111,111th Precinct,13,PASSING OR LANE USAGE IMPROPER,1
111,111th Precinct,29,PASSING TOO CLOSELY,1
111,111th Precinct,17,TRAFFIC CONTROL DISREGARDED,2
111,111th Precinct,18,TURNING IMPROPERLY,2
111,111th Precinct,20,UNSAFE LANE CHANGING,6
111,111th Precinct,19,UNSAFE SPEED,10
112,112th Precinct,28,AGGRESSIVE DRIVING/ROAD RAGE,2
112,112th Precinct,02,ALCOHOL INVOLVEMENT,2
112,112th Precinct,03,BACKING UNSAFELY,5
112,112th Precinct,04,DRIVER INATTENTION/DISTRACTION,47
112,112th Precinct,27,FAILURE TO KEEP RIGHT,1
112,112th Precinct,07,FAILURE TO YIELD RIGHT-OF-WAY,4
112,112th Precinct,21,FATIGUED/DROWSY,1
112,112th Precinct,09,FOLLOWING TOO CLOSELY,5
112,112th Precinct,10,ILLNESS,1
112,112th Precinct,11,LOST CONSCIOUSNESS,1
112,112th Precinct,26,OTHER UNINVOLVED VEHICLE,1
112,112th Precinct,25,OUTSIDE CAR DISTRACTION,1
112,112th Precinct,13,PASSING OR LANE USAGE IMPROPER,5
112,112th Precinct,29,PASSING TOO CLOSELY,6
112,112th Precinct,17,TRAFFIC CONTROL DISREGARDED,4
112,112th Precinct,18,TURNING IMPROPERLY,2
112,112th Precinct,20,UNSAFE LANE CHANGING,4
112,112th Precinct,19,UNSAFE SPEED,3
113,113th Precinct,28,AGGRESSIVE DRIVING/ROAD RAGE,1
113,113th Precinct,02,ALCOHOL INVOLVEMENT,3
113,113th Precinct,03,BACKING UNSAFELY,3
113,113th Precinct,04,DRIVER INATTENTION/DISTRACTION,26
113,113th Precinct,05,DRIVER INEXPERIENCE,1
113,113th Precinct,14,ERR/CONFUSN PED/BIKE/OTHER PED,1
113,113th Precinct,07,FAILURE TO YIELD RIGHT-OF-WAY,25
113,113th Precinct,08,FELL ASLEEP,2
113,113th Precinct,09,FOLLOWING TOO CLOSELY,7
113,113th Precinct,11,LOST CONSCIOUSNESS,1
113,113th Precinct,26,OTHER UNINVOLVED VEHICLE,2
113,113th Precinct,13,PASSING OR LANE USAGE IMPROPER,10
113,113th Precinct,29,PASSING TOO CLOSELY,5
113,113th Precinct,17,TRAFFIC CONTROL DISREGARDED,7
113,113th Precinct,18,TURNING IMPROPERLY,3
113,113th Precinct,20,UNSAFE LANE CHANGING,2
113,113th Precinct,19,UNSAFE SPEED,15
114,114th Precinct,28,AGGRESSIVE DRIVING/ROAD RAGE,2
114,114th Precinct,02,ALCOHOL INVOLVEMENT,5
114,114th Precinct,03,BACKING UNSAFELY,7
114,114th Precinct,22,CELL PHONE (HAND-HELD),1
114,114th Precinct,04,DRIVER INATTENTION/DISTRACTION,49
114,114th Precinct,05,DRIVER INEXPERIENCE,2
114,114th Precinct,14,ERR/CONFUSN PED/BIKE/OTHER PED,2
114,114th Precinct,07,FAILURE TO YIELD RIGHT-OF-WAY,37
114,114th Precinct,08,FELL ASLEEP,2
114,114th Precinct,09,FOLLOWING TOO CLOSELY,27
114,114th Precinct,10,ILLNESS,1
114,114th Precinct,26,OTHER UNINVOLVED VEHICLE,1
114,114th Precinct,25,OUTSIDE CAR DISTRACTION,1
114,114th Precinct,12,PASSENGER DISTRACTION,1
114,114th Precinct,13,PASSING OR LANE USAGE IMPROPER,16
114,114th Precinct,29,PASSING TOO CLOSELY,10
114,114th Precinct,17,TRAFFIC CONTROL DISREGARDED,11
114,114th Precinct,18,TURNING IMPROPERLY,9
114,114th Precinct,20,UNSAFE LANE CHANGING,11
114,114th Precinct,19,UNSAFE SPEED,8
115,115th Precinct,28,AGGRESSIVE DRIVING/ROAD RAGE,2
115,115th Precinct,02,ALCOHOL INVOLVEMENT,5
115,115th Precinct,03,BACKING UNSAFELY,6
115,115th Precinct,04,DRIVER INATTENTION/DISTRACTION,53
115,115th Precinct,05,DRIVER INEXPERIENCE,7
115,115th Precinct,14,ERR/CONFUSN PED/BIKE/OTHER PED,1
115,115th Precinct,07,FAILURE TO YIELD RIGHT-OF-WAY,8
115,115th Precinct,08,FELL ASLEEP,4
115,115th Precinct,09,FOLLOWING TOO CLOSELY,13
115,115th Precinct,26,OTHER UNINVOLVED VEHICLE,2
115,115th Precinct,25,OUTSIDE CAR DISTRACTION,1
115,115th Precinct,12,PASSENGER DISTRACTION,1
115,115th Precinct,13,PASSING OR LANE USAGE IMPROPER,6
115,115th Precinct,29,PASSING TOO CLOSELY,5
115,115th Precinct,17,TRAFFIC CONTROL DISREGARDED,5
115,115th Precinct,18,TURNING IMPROPERLY,8
115,115th Precinct,20,UNSAFE LANE CHANGING,2
115,115th Precinct,19,UNSAFE SPEED,5
S,STATEN ISLAND,28,AGGRESSIVE DRIVING/ROAD RAGE,4
S,STATEN ISLAND,02,ALCOHOL INVOLVEMENT,10
S,STATEN ISLAND,03,BACKING UNSAFELY,13
S,STATEN ISLAND,04,DRIVER INATTENTION/DISTRACTION,135
S,STATEN ISLAND,05,DRIVER INEXPERIENCE,17
S,STATEN ISLAND,14,ERR/CONFUSN PED/BIKE/OTHER PED,2
S,STATEN ISLAND,27,FAILURE TO KEEP RIGHT,2
S,STATEN ISLAND,07,FAILURE TO YIELD RIGHT-OF-WAY,40
S,STATEN ISLAND,08,FELL ASLEEP,5
S,STATEN ISLAND,09,FOLLOWING TOO CLOSELY,26
S,STATEN ISLAND,10,ILLNESS,2
S,STATEN ISLAND,11,LOST CONSCIOUSNESS,2
S,STATEN ISLAND,26,OTHER UNINVOLVED VEHICLE,17
S,STATEN ISLAND,25,OUTSIDE CAR DISTRACTION,1
S,STATEN ISLAND,12,PASSENGER DISTRACTION,1
S,STATEN ISLAND,13,PASSING OR LANE USAGE IMPROPER,11
S,STATEN ISLAND,29,PASSING TOO CLOSELY,10
S,STATEN ISLAND,16,PRESCRIPTION MEDICATION,1
S,STATEN ISLAND,17,TRAFFIC CONTROL DISREGARDED,15
S,STATEN ISLAND,18,TURNING IMPROPERLY,12
S,STATEN ISLAND,20,UNSAFE LANE CHANGING,13
S,STATEN ISLAND,19,UNSAFE SPEED,17
120,120th Precinct,02,ALCOHOL INVOLVEMENT,1
120,120th Precinct,03,BACKING UNSAFELY,2
120,120th Precinct,04,DRIVER INATTENTION/DISTRACTION,28
120,120th Precinct,05,DRIVER INEXPERIENCE,5
120,120th Precinct,07,FAILURE TO YIELD RIGHT-OF-WAY,9
120,120th Precinct,08,FELL ASLEEP,1
120,120th Precinct,09,FOLLOWING TOO CLOSELY,3
120,120th Precinct,10,ILLNESS,1
120,120th Precinct,26,OTHER UNINVOLVED VEHICLE,4
120,120th Precinct,13,PASSING OR LANE USAGE IMPROPER,1
120,120th Precinct,29,PASSING TOO CLOSELY,2
120,120th Precinct,17,TRAFFIC CONTROL DISREGARDED,4
120,120th Precinct,18,TURNING IMPROPERLY,1
120,120th Precinct,20,UNSAFE LANE CHANGING,2
120,120th Precinct,19,UNSAFE SPEED,1
121,121st Precinct,28,AGGRESSIVE DRIVING/ROAD RAGE,1
121,121st Precinct,02,ALCOHOL INVOLVEMENT,6
121,121st Precinct,03,BACKING UNSAFELY,2
121,121st Precinct,04,DRIVER INATTENTION/DISTRACTION,58
121,121st Precinct,05,DRIVER INEXPERIENCE,3
121,121st Precinct,27,FAILURE TO KEEP RIGHT,2
121,121st Precinct,07,FAILURE TO YIELD RIGHT-OF-WAY,13
121,121st Precinct,08,FELL ASLEEP,2
121,121st Precinct,09,FOLLOWING TOO CLOSELY,12
121,121st Precinct,11,LOST CONSCIOUSNESS,1
121,121st Precinct,26,OTHER UNINVOLVED VEHICLE,4
121,121st Precinct,13,PASSING OR LANE USAGE IMPROPER,3
121,121st Precinct,29,PASSING TOO CLOSELY,1
121,121st Precinct,17,TRAFFIC CONTROL DISREGARDED,1
121,121st Precinct,18,TURNING IMPROPERLY,2
121,121st Precinct,20,UNSAFE LANE CHANGING,3
121,121st Precinct,19,UNSAFE SPEED,4
122,122nd Precinct,28,AGGRESSIVE DRIVING/ROAD RAGE,3
122,122nd Precinct,02,ALCOHOL INVOLVEMENT,1
122,122nd Precinct,03,BACKING UNSAFELY,8
122,122nd Precinct,04,DRIVER INATTENTION/DISTRACTION,39
122,122nd Precinct,05,DRIVER INEXPERIENCE,6
122,122nd Precinct,14,ERR/CONFUSN PED/BIKE/OTHER PED,1
122,122nd Precinct,07,FAILURE TO YIELD RIGHT-OF-WAY,12
122,122nd Precinct,08,FELL ASLEEP,2
122,122nd Precinct,09,FOLLOWING TOO CLOSELY,7
122,122nd Precinct,11,LOST CONSCIOUSNESS,1
122,122nd Precinct,26,OTHER UNINVOLVED VEHICLE,4
122,122nd Precinct,25,OUTSIDE CAR DISTRACTION,1
122,122nd Precinct,12,PASSENGER DISTRACTION,1
122,122nd Precinct,13,PASSING OR LANE USAGE IMPROPER,7
122,122nd Precinct,29,PASSING TOO CLOSELY,5
122,122nd Precinct,17,TRAFFIC CONTROL DISREGARDED,8
122,122nd Precinct,18,TURNING IMPROPERLY,9
122,122nd Precinct,20,UNSAFE LANE CHANGING,7
122,122nd Precinct,19,UNSAFE SPEED,9
123,123rd Precinct,02,ALCOHOL INVOLVEMENT,2
123,123rd Precinct,03,BACKING UNSAFELY,1
123,123rd Precinct,04,DRIVER INATTENTION/DISTRACTION,10
123,123rd Precinct,05,DRIVER INEXPERIENCE,3
123,123rd Precinct,14,ERR/CONFUSN PED/BIKE/OTHER PED,1
123,123rd Precinct,07,FAILURE TO YIELD RIGHT-OF-WAY,6
123,123rd Precinct,09,FOLLOWING TOO CLOSELY,4
123,123rd Precinct,10,ILLNESS,1
123,123rd Precinct,26,OTHER UNINVOLVED VEHICLE,5
123,123rd Precinct,29,PASSING TOO CLOSELY,2
123,123rd Precinct,16,PRESCRIPTION MEDICATION,1
123,123rd Precinct,17,TRAFFIC CONTROL DISREGARDED,2
123,123rd Precinct,20,UNSAFE LANE CHANGING,1
123,123rd Precinct,19,UNSAFE SPEED,3
NOTES:,,,,
"The persons involved reflects all motorists, however they do not reflect other persons involved unless they were injured or killed.",,,,
The category of “Motorist” includes the owner of a parked vehicle. Contributing factors are listed when known.,,,,
All figures are preliminary and subject to change.,,,,
"A collision at an intersection located on a precinct border may appear in the list of intersections of any precinct that shares that intersection,",,,,
but will appear in only one precinct list. Collision location is captured as the nearest intersection.,,,,
"A collision on a highway, bridge or tunnel which occurs at or near a precinct border may appear in the list of highways, bridges or tunnels of any precinct",,,,
"that shares that location, but will appear in only one precinct list. Collision location is captured as the nearest highway/bridge/tunnel reference/mile marker.",,,,